{
	"pattrstorage" : 	{
		"name" : "particles",
		"slots" : 		{
			"1" : 			{
				"id" : 1,
				"data" : 				{
					"Cartesian" : [ 0.559269589931252, 0.360007131396687, 0.2, 1 ],
					"NeighborDist" : [ 1.259842519685039 ],
					"gravity" : [ 1.0 ],
					"leader_x" : [ 0.279985737206627 ],
					"leader_y" : [ -0.162716096714462 ],
					"leader_z" : [ 0.118539179862505 ],
					"maxForce" : [ 7.95275590551181 ],
					"maxSpeed" : [ 19.708661417322784 ],
					"menu_node_x" : [ 3 ],
					"menu_node_y" : [ 1 ],
					"number" : [ 0.006569553805774 ],
					"number[2]" : [ 0.007952755905512 ],
					"number[3]" : [ 1.2 ],
					"seperation" : [ 0.758346456692912 ]
				}

			}
,
			"2" : 			{
				"id" : 2,
				"data" : 				{
					"Cartesian" : [ 0.190495165179851, 0.793085012406448, 0.2, 1 ],
					"NeighborDist" : [ 0.535433070866141 ],
					"gravity" : [ 1.0 ],
					"leader_x" : [ -0.586170024812895 ],
					"leader_y" : [ -0.162716096714462 ],
					"leader_z" : [ -0.619009669640298 ],
					"maxForce" : [ 4.330708661417325 ],
					"maxSpeed" : [ 76.61417322834636 ],
					"menu_node_x" : [ 3 ],
					"menu_node_y" : [ 1 ],
					"number" : [ 0.025538057742782 ],
					"number[2]" : [ 0.004330708661417 ],
					"number[3]" : [ 1.2 ],
					"seperation" : [ 0.618031496062991 ]
				}

			}
,
			"3" : 			{
				"id" : 3,
				"data" : 				{
					"Cartesian" : [ 0.748154051389287, 0.812332918229104, 0.2, 1 ],
					"NeighborDist" : [ 0.708661417322835 ],
					"gravity" : [ 1.0 ],
					"leader_x" : [ -0.624665836458207 ],
					"leader_y" : [ -0.162716096714462 ],
					"leader_z" : [ 0.496308102778574 ],
					"maxForce" : [ 10.0 ],
					"maxSpeed" : [ 100.0 ],
					"menu_node_x" : [ 3 ],
					"menu_node_y" : [ 1 ],
					"number" : [ 0.033333333333333 ],
					"number[2]" : [ 0.01 ],
					"number[3]" : [ 1.2 ],
					"seperation" : [ 0.01 ]
				}

			}
,
			"4" : 			{
				"id" : 4,
				"data" : 				{
					"Cartesian" : [ 0.388374124802554, 0.436998754687311, 0.2, 1 ],
					"NeighborDist" : [ 1.669291338582676 ],
					"gravity" : [ 1.0 ],
					"leader_x" : [ 0.126002490625378 ],
					"leader_y" : [ -0.162716096714462 ],
					"leader_z" : [ -0.223251750394892 ],
					"maxForce" : [ 7.952755905511813 ],
					"maxSpeed" : [ 99.220472440944889 ],
					"menu_node_x" : [ 3 ],
					"menu_node_y" : [ 1 ],
					"number" : [ 0.033073490813648 ],
					"number[2]" : [ 0.007952755905512 ],
					"number[3]" : [ 1.2 ],
					"seperation" : [ 0.469921259842518 ]
				}

			}

		}

	}

}
